Workbook

Sheet PCT_PAV_VECINAL TOTAL
A1: DEPARTAMENTO | B1: PCT_PAV_VECINAL_2017 | C1: PCT_PAV_VECINAL_2018 | D1: PCT_PAV_VECINAL_2022 | E1: PCT_PAV_VECINAL_2023
A2: AMAZONAS | B2: =ROUND(PAV_VECINAL_2017!J4, 2) -> 0 | C2: =ROUND(PAV_VECINAL_2018!J4, 2) -> 0 | D2: =ROUND(PAV_VECINAL_2022!J4, 2) -> 0 | E2: =ROUND(PAV_VECINAL_2023!J4, 2) -> 0
A3: ANCASH | B3: =ROUND(PAV_VECINAL_2017!J5, 2) -> 1.5 | C3: =ROUND(PAV_VECINAL_2018!J5, 2) -> 1.47 | D3: =ROUND(PAV_VECINAL_2022!J5, 2) -> 1.65 | E3: =ROUND(PAV_VECINAL_2023!J5, 2) -> 2.34
A4: APURIMAC | B4: =ROUND(PAV_VECINAL_2017!J6, 2) -> 0.15 | C4: =ROUND(PAV_VECINAL_2018!J6, 2) -> 0.15 | D4: =ROUND(PAV_VECINAL_2022!J6, 2) -> 0.2 | E4: =ROUND(PAV_VECINAL_2023!J6, 2) -> 2.23
A5: AREQUIPA | B5: =ROUND(PAV_VECINAL_2017!J7, 2) -> 6.51 | C5: =ROUND(PAV_VECINAL_2018!J7, 2) -> 6.53 | D5: =ROUND(PAV_VECINAL_2022!J7, 2) -> 8.73 | E5: =ROUND(PAV_VECINAL_2023!J7, 2) -> 8.75
A6: AYACUCHO | B6: =ROUND(PAV_VECINAL_2017!J8, 2) -> 0.22 | C6: =ROUND(PAV_VECINAL_2018!J8, 2) -> 0.22 | D6: =ROUND(PAV_VECINAL_2022!J8, 2) -> 2.39 | E6: =ROUND(PAV_VECINAL_2023!J8, 2) -> 2.57
A7: CAJAMARCA | B7: =ROUND(PAV_VECINAL_2017!J9, 2) -> 0.34 | C7: =ROUND(PAV_VECINAL_2018!J9, 2) -> 0.33 | D7: =ROUND(PAV_VECINAL_2022!J9, 2) -> 0.61 | E7: =ROUND(PAV_VECINAL_2023!J9, 2) -> 1.88
A8: CALLAO
A9: CUSCO | B9: =ROUND(PAV_VECINAL_2017!J11, 2) -> 1.16 | C9: =ROUND(PAV_VECINAL_2018!J11, 2) -> 0.94 | D9: =ROUND(PAV_VECINAL_2022!J11, 2) -> 2.59 | E9: =ROUND(PAV_VECINAL_2023!J11, 2) -> 2.83
A10: HUANCAVELICA | B10: =ROUND(PAV_VECINAL_2017!J12, 2) -> 0.01 | C10: =ROUND(PAV_VECINAL_2018!J12, 2) -> 0.01 | D10: =ROUND(PAV_VECINAL_2022!J12, 2) -> 0.01 | E10: =ROUND(PAV_VECINAL_2023!J12, 2) -> 0.46
A11: HUANUCO | B11: =ROUND(PAV_VECINAL_2017!J13, 2) -> 0.07 | C11: =ROUND(PAV_VECINAL_2018!J13, 2) -> 0.07 | D11: =ROUND(PAV_VECINAL_2022!J13, 2) -> 2.22 | E11: =ROUND(PAV_VECINAL_2023!J13, 2) -> 2.52
A12: ICA | B12: =ROUND(PAV_VECINAL_2017!J14, 2) -> 4.01 | C12: =ROUND(PAV_VECINAL_2018!J14, 2) -> 3.97 | D12: =ROUND(PAV_VECINAL_2022!J14, 2) -> 9.27 | E12: =ROUND(PAV_VECINAL_2023!J14, 2) -> 9.53
A13: JUNIN | B13: =ROUND(PAV_VECINAL_2017!J15, 2) -> 2.4 | C13: =ROUND(PAV_VECINAL_2018!J15, 2) -> 2.34 | D13: =ROUND(PAV_VECINAL_2022!J15, 2) -> 3.72 | E13: =ROUND(PAV_VECINAL_2023!J15, 2) -> 3.71
A14: LA LIBERTAD | B14: =ROUND(PAV_VECINAL_2017!J16, 2) -> 2.8 | C14: =ROUND(PAV_VECINAL_2018!J16, 2) -> 2.78 | D14: =ROUND(PAV_VECINAL_2022!J16, 2) -> 2.89 | E14: =ROUND(PAV_VECINAL_2023!J16, 2) -> 5.06
A15: LAMBAYEQUE | B15: =ROUND(PAV_VECINAL_2017!J17, 2) -> 1.34 | C15: =ROUND(PAV_VECINAL_2018!J17, 2) -> 1.34 | D15: =ROUND(PAV_VECINAL_2022!J17, 2) -> 1.34 | E15: =ROUND(PAV_VECINAL_2023!J17, 2) -> 1.76
A16: LIMA | B16: =ROUND(PAV_VECINAL_2017!J18, 2) -> 4.03 | C16: =ROUND(PAV_VECINAL_2018!J18, 2) -> 3.91 | D16: =ROUND(PAV_VECINAL_2022!J18, 2) -> 3.71 | E16: =ROUND(PAV_VECINAL_2023!J18, 2) -> 3.7
A17: LORETO | B17: =ROUND(PAV_VECINAL_2017!J19, 2) -> 4.35 | C17: =ROUND(PAV_VECINAL_2018!J19, 2) -> 4.29 | D17: =ROUND(PAV_VECINAL_2022!J19, 2) -> 13.34 | E17: =ROUND(PAV_VECINAL_2023!J19, 2) -> 13.34
A18: MADRE DE DIOS | B18: =ROUND(PAV_VECINAL_2017!J20, 2) -> 0.37 | C18: =ROUND(PAV_VECINAL_2018!J20, 2) -> 0.49 | D18: =ROUND(PAV_VECINAL_2022!J20, 2) -> 0.49 | E18: =ROUND(PAV_VECINAL_2023!J20, 2) -> 2.53
A19: MOQUEGUA | B19: =ROUND(PAV_VECINAL_2017!J21, 2) -> 7.87 | C19: =ROUND(PAV_VECINAL_2018!J21, 2) -> 7.89 | D19: =ROUND(PAV_VECINAL_2022!J21, 2) -> 7.01 | E19: =ROUND(PAV_VECINAL_2023!J21, 2) -> 9.81
A20: PASCO | B20: =ROUND(PAV_VECINAL_2017!J22, 2) -> 0 | C20: =ROUND(PAV_VECINAL_2018!J22, 2) -> 0 | D20: =ROUND(PAV_VECINAL_2022!J22, 2) -> 0.63 | E20: =ROUND(PAV_VECINAL_2023!J22, 2) -> 0.64
... A26: UCAYALI | B26: =ROUND(PAV_VECINAL_2017!J28, 2) -> 0.26 | C26: =ROUND(PAV_VECINAL_2018!J28, 2) -> 0.26 | D26: =ROUND(PAV_VECINAL_2022!J28, 2) -> 0.26 | E26: =ROUND(PAV_VECINAL_2023!J28, 2) -> 0.26

Sheet PAV_VECINAL_2017
A1: DEPARTAMENTO | B1: EXISTENTE POR TIPO DE SUPERFICIE DE RODADURA (KM) | H1: PROYECTADA | I1: TOTAL
B2: PAVIMENTADA | C2: NO PAVIMENTADA | G2: TOTAL EXISTENTE
C3: AFIRMADA | D3: SIN AFIRMAR | E3: TROCHA | F3: SUBTOTAL | J3: % PAVIMENTADO
A4: AMAZONAS | B4: 0 | I4: 1738.9 | J4: =B4/I4*100 -> 0
A5: ANCASH | B5: 115.7 | I5: 7708.6 | J5: =B5/I5*100 -> 1.500921
A6: APURIMAC | B6: 7.3 | I6: 4952.7 | J6: =B6/I6*100 -> 0.14739435
A7: AREQUIPA | B7: 402.3 | I7: 6175.4 | J7: =B7/I7*100 -> 6.5145578
A8: AYACUCHO | B8: 18.9 | I8: 8706.5 | J8: =B8/I8*100 -> 0.21707919
A9: CAJAMARCA | B9: 41 | I9: 12129.3 | J9: =B9/I9*100 -> 0.33802445
A10: CALLAO | B10: - | I10: -
A11: CUSCO | B11: 124.7 | I11: 10734.1 | J11: =B11/I11*100 -> 1.1617183
A12: HUANCAVELICA | B12: 0.7 | I12: 4826.4 | J12: =B12/I12*100 -> 0.014503564
A13: HUANUCO | B13: 4.2 | I13: 5645.8 | J13: =B13/I13*100 -> 0.074391583
A14: ICA | B14: 82 | I14: 2042.7 | J14: =B14/I14*100 -> 4.0142948
A15: JUNIN | B15: 219.4 | I15: 9148.2 | J15: =B15/I15*100 -> 2.398286
A16: LA LIBERTAD | B16: 155.4 | I16: 5559.9 | J16: =B16/I16*100 -> 2.7950143
A17: LAMBAYEQUE | B17: 27.6 | I17: 2056.6 | J17: =B17/I17*100 -> 1.3420208
A18: LIMA | B18: 172 | I18: 4266.8 | J18: =B18/I18*100 -> 4.031124
A19: LORETO | B19: 19.1 | I19: 439.5 | J19: =B19/I19*100 -> 4.3458476
A20: MADRE DE DIOS | B20: 5.1 | I20: 1383.5 | J20: =B20/I20*100 -> 0.36863029
A21: MOQUEGUA | B21: 99.8 | I21: 1268.8 | J21: =B21/I21*100 -> 7.8656999
A22: PASCO | B22: 0 | I22: 2087.5 | J22: =B22/I22*100 -> 0
... A28: UCAYALI | B28: 2.3 | I28: 898 | J28: =B28/I28*100 -> 0.25612472

Sheet PAV_VECINAL_2018
A1: DEPARTAMENTO | B1: EXISTENTE POR TIPO DE SUPERFICIE DE RODADURA (KM) | H1: PROYECTADA | I1: TOTAL
B2: PAVIMENTADA | C2: NO PAVIMENTADA | G2: TOTAL EXISTENTE
C3: AFIRMADA | D3: SIN AFIRMAR | E3: TROCHA | F3: SUBTOTAL | J3: % PAVIMENTADO
A4: AMAZONAS | B4: 0 | I4: 1742.9 | J4: =B4/I4*100 -> 0
A5: ANCASH | B5: 112.4 | I5: 7663.3 | J5: =B5/I5*100 -> 1.466731
A6: APURIMAC | B6: 7.3 | I6: 4948.1 | J6: =B6/I6*100 -> 0.14753138
A7: AREQUIPA | B7: 402.3 | I7: 6163.1 | J7: =B7/I7*100 -> 6.5275592
A8: AYACUCHO | B8: 19 | I8: 8725.3 | J8: =B8/I8*100 -> 0.21775756
A9: CAJAMARCA | B9: 40.1 | I9: 12047.7 | J9: =B9/I9*100 -> 0.33284361
A10: CALLAO | I10: -
A11: CUSCO | B11: 115.3 | I11: 12278.1 | J11: =B11/I11*100 -> 0.93907038
A12: HUANCAVELICA | B12: 0.7 | I12: 4821.1 | J12: =B12/I12*100 -> 0.014519508
A13: HUANUCO | B13: 4 | I13: 5630.7 | J13: =B13/I13*100 -> 0.071039125
A14: ICA | B14: 82 | I14: 2064.2 | J14: =B14/I14*100 -> 3.9724833
A15: JUNIN | B15: 212.9 | I15: 9115.5 | J15: =B15/I15*100 -> 2.3355823
A16: LA LIBERTAD | B16: 155.8 | I16: 5602.5 | J16: =B16/I16*100 -> 2.7809014
A17: LAMBAYEQUE | B17: 27.6 | I17: 2056.6 | J17: =B17/I17*100 -> 1.3420208
A18: LIMA | B18: 166.3 | I18: 4251.3 | J18: =B18/I18*100 -> 3.9117446
A19: LORETO | B19: 19.1 | I19: 445.5 | J19: =B19/I19*100 -> 4.2873176
A20: MADRE DE DIOS | B20: 6.4 | I20: 1293.6 | J20: =B20/I20*100 -> 0.49474335
A21: MOQUEGUA | B21: 99.8 | I21: 1265.1 | J21: =B21/I21*100 -> 7.8887045
A22: PASCO | I22: 2094.7 | J22: =B22/I22*100 -> 0
A23: PIURA | B23: 170.6 | I23: 6624.5 | J23: =B23/I23*100 -> 2.5752887
A24: PUNO | B24: 42.4 | I24: 8827.8 | J24: =B24/I24*100 -> 0.48030087
A25: SAN MARTIN | B25: 0.1 | I25: 3475.7 | J25: =B25/I25*100 -> 0.0028771183
A26: TACNA | B26: 163.1 | I26: 1394.9 | J26: =B26/I26*100 -> 11.692594
A27: TUMBES | B27: 9.3 | I27: 567.3 | J27: =B27/I27*100 -> 1.6393443
A28: UCAYALI | B28: 2.3 | I28: 898.8 | J28: =B28/I28*100 -> 0.25589675

Sheet PAV_VECINAL_2022
A1: DEPARTAMENTO | B1: EXISTENTE POR TIPO DE SUPERFICIE DE RODADURA (KM) | H1: PROYECTADA | I1: TOTAL
B2: PAVIMENTADA | C2: NO PAVIMENTADA | G2: TOTAL EXISTENTE
C3: AFIRMADA | D3: SIN AFIRMAR | E3: TROCHA | F3: SUBTOTAL | J3: % PAVIMENTADO
A4: AMAZONAS | B4: 0 | I4: 1763.2 | J4: =B4/I4*100 -> 0
A5: ANCASH | B5: 126.3 | I5: 7633.1 | J5: =B5/I5*100 -> 1.6546357
A6: APURIMAC | B6: 11.3 | I6: 5586.2 | J6: =B6/I6*100 -> 0.2022842
A7: AREQUIPA | B7: 617.4 | I7: 7070.6 | J7: =B7/I7*100 -> 8.7319322
A8: AYACUCHO | B8: 211.4 | I8: 8828.3 | J8: =B8/I8*100 -> 2.394572
A9: CAJAMARCA | B9: 78.9 | I9: 12990.2 | J9: =B9/I9*100 -> 0.60738095
A10: CALLAO | B10: - | I10: -
A11: CUSCO | B11: 328.2 | I11: 12672.1 | J11: =B11/I11*100 -> 2.5899417
A12: HUANCAVELICA | B12: 0.7 | I12: 4850.6 | J12: =B12/I12*100 -> 0.014431204
A13: HUANUCO | B13: 129 | I13: 5822.2 | J13: =B13/I13*100 -> 2.2156573
A14: ICA | B14: 210.2 | I14: 2266.6 | J14: =B14/I14*100 -> 9.2738022
A15: JUNIN | B15: 339.7 | I15: 9141.6 | J15: =B15/I15*100 -> 3.7159797
A16: LA LIBERTAD | B16: 161.9 | I16: 5605.6 | J16: =B16/I16*100 -> 2.8881832
A17: LAMBAYEQUE | B17: 27.6 | I17: 2055.7 | J17: =B17/I17*100 -> 1.3426084
A18: LIMA | B18: 160 | I18: 4314.5 | J18: =B18/I18*100 -> 3.7084251
A19: LORETO | B19: 60.6 | I19: 454.3 | J19: =B19/I19*100 -> 13.339203
A20: MADRE DE DIOS | B20: 6.4 | I20: 1293.6 | J20: =B20/I20*100 -> 0.49474335
A21: MOQUEGUA | B21: 109.6 | I21: 1563.5 | J21: =B21/I21*100 -> 7.0099137
A22: PASCO | B22: 13.3 | I22: 2098.5 | J22: =B22/I22*100 -> 0.63378604
... A28: UCAYALI | B28: 2.3 | I28: 897.4 | J28: =B28/I28*100 -> 0.25629597

Sheet PAV_VECINAL_2023
A1: DEPARTAMENTO | B1: EXISTENTE POR TIPO DE SUPERFICIE DE RODADURA (KM) | H1: PROYECTADA | I1: TOTAL
B2: PAVIMENTADA | C2: NO PAVIMENTADA | G2: TOTAL EXISTENTE
C3: AFIRMADA | D3: SIN AFIRMAR | E3: TROCHA | F3: SUBTOTAL | J3: % PAVIMENTADO
A4: AMAZONAS | B4: 0 | I4: 1870.326 | J4: =B4/I4*100 -> 0
A5: ANCASH | B5: 178.645 | I5: 7626.808 | J5: =B5/I5*100 -> 2.3423298
A6: APURIMAC | B6: 125.67 | I6: 5627.445 | J6: =B6/I6*100 -> 2.2331627
A7: AREQUIPA | B7: 617.481 | I7: 7060.107 | J7: =B7/I7*100 -> 8.7460572
A8: AYACUCHO | B8: 229.894 | I8: 8935.982 | J8: =B8/I8*100 -> 2.5726775
A9: CAJAMARCA | B9: 244.283 | I9: 12973.3 | J9: =B9/I9*100 -> 1.8829673
A10: CALLAO | B10: 0 | I10: 0
A11: CUSCO | B11: 358.919 | I11: 12675.223 | J11: =B11/I11*100 -> 2.8316583
A12: HUANCAVELICA | B12: 22.15 | I12: 4854.73 | J12: =B12/I12*100 -> 0.45625606
A13: HUANUCO | B13: 146.951 | I13: 5832.028 | J13: =B13/I13*100 -> 2.5197238
A14: ICA | B14: 216.155 | I14: 2268.58 | J14: =B14/I14*100 -> 9.5282071
A15: JUNIN | B15: 339.67 | I15: 9159.475 | J15: =B15/I15*100 -> 3.7084003
A16: LA LIBERTAD | B16: 285.97 | I16: 5652.329 | J16: =B16/I16*100 -> 5.0593304
A17: LAMBAYEQUE | B17: 36.339 | I17: 2063.421 | J17: =B17/I17*100 -> 1.7611045
A18: LIMA | B18: 160.049 | I18: 4323.32 | J18: =B18/I18*100 -> 3.7019929
A19: LORETO | B19: 60.63 | I19: 454.33 | J19: =B19/I19*100 -> 13.344925
A20: MADRE DE DIOS | B20: 32.984 | I20: 1301.607 | J20: =B20/I20*100 -> 2.5340982
A21: MOQUEGUA | B21: 152.965 | I21: 1559.251 | J21: =B21/I21*100 -> 9.8101589
A22: PASCO | B22: 13.381 | I22: 2090.875 | J22: =B22/I22*100 -> 0.6399713
... A28: UCAYALI | B28: 2.32 | I28: 895.202 | J28: =B28/I28*100 -> 0.25915939
